"Data Source","World Development Indicators",

"Last Updated Date","2015-10-14",

"Country Name","Country Code","Indicator Name","Indicator Code","1960","1961","1962","1963","1964","1965","1966","1967","1968","1969","1970","1971","1972","1973","1974","1975","1976","1977","1978","1979","1980","1981","1982","1983","1984","1985","1986","1987","1988","1989","1990","1991","1992","1993","1994","1995","1996","1997","1998","1999","2000","2001","2002","2003","2004","2005","2006","2007","2008","2009","2010","2011","2012","2013","2014","2015",
"Aruba","ABW","Research and development expenditure (% of GDP)","GB.XPD.RSDV.GD.ZS","","","","","","","","","","","","","","","","","","","","","","","","","","","","","","","","","","","","","","","","","","","","","","","","","","","","","","","","",
"Andorra","AND","Research and development expenditure (% of GDP)","GB.XPD.RSDV.GD.ZS","","","","","","","","","","","","","","","","","","","","","","","","","","","","","","","","","","","","","","","","","","","","","","","","","","","","","","","","",
"Afghanistan","AFG","Research and development expenditure (% of GDP)","GB.XPD.RSDV.GD.ZS","","","","","","","","","","","","","","","","","","","","","","","","","","","","","","","","","","","","","","","","","","","","","","","","","","","","","","","","",
"Angola","AGO","Research and development expenditure (% of GDP)","GB.XPD.RSDV.GD.ZS","","","","","","","","","","","","","","","","","","","","","","","","","","","","","","","","","","","","","","","","","","","","","","","","","","","","","","","","",
"Albania","ALB","Research and development expenditure (% of GDP)","GB.XPD.RSDV.GD.ZS","","","","","","","","","","","","","","","","","","","","","","","","","","","","","","","","","","","","","","","","","","","","","","","","0.0873500034213066","0.153080001473427","","","","","","","",
"Arab World","ARB","Research and development expenditure (% of GDP)","GB.XPD.RSDV.GD.ZS","","","","","","","","","","","","","","","","","","","","","","","","","","","","","","","","","","","","","","","","","","","","","","","","","","","","","","","","",
"United Arab Emirates","ARE","Research and development expenditure (% of GDP)","GB.XPD.RSDV.GD.ZS","","","","","","","","","","","","","","","","","","","","","","","","","","","","","","","","","","","","","","","","","","","","","","","","","","","","0.489109992980957","","","","",
"Argentina","ARG","Research and development expenditure (% of GDP)","GB.XPD.RSDV.GD.ZS","","","","","","","","","","","","","","","","","","","","","","","","","","","","","","","","","","","","","0.417490005493164","0.419589996337891","0.411309987306595","0.453370004892349","0.438840001821518","0.424609988927841","0.388859987258911","0.410129994153976","0.437559992074966","0.460770010948181","0.494619995355606","0.507929980754852","0.523810029029846","0.595099985599518","0.617449998855591","0.646960020065308","","","","",
"Armenia","ARM","Research and development expenditure (% of GDP)","GB.XPD.RSDV.GD.ZS","","","","","","","","","","","","","","","","","","","","","","","","","","","","","","","","","","","","","","0.186920002102852","0.226009994745255","0.214000001549721","0.184630006551743","0.279870003461838","0.252550005912781","0.239710003137589","0.212009996175766","0.257609993219376","0.240569993853569","0.211070001125336","0.224380001425743","0.29093000292778","0.241390004754066","0.270139992237091","","","","",
"American Samoa","ASM","Research and development expenditure (% of GDP)","GB.XPD.RSDV.GD.ZS","","","","","","","","","","","","","","","","","","","","","","","","","","","","","","","","","","","","","","","","","","","","","","","","","","","","","","","","",
"Antigua and Barbuda","ATG","Research and development expenditure (% of GDP)","GB.XPD.RSDV.GD.ZS","","","","","","","","","","","","","","","","","","","","","","","","","","","","","","","","","","","","","","","","","","","","","","","","","","","","","","","","",
"Australia","AUS","Research and development expenditure (% of GDP)","GB.XPD.RSDV.GD.ZS","","","","","","","","","","","","","","","","","","","","","","","","","","","","","","","","","","","","","1.65987002849579","","1.51323997974396","","1.57349002361298","","1.75","","1.85758996009827","","2.18873000144959","","2.40777993202209","","2.3856201171875","","","","","",
"Austria","AUT","Research and development expenditure (% of GDP)","GB.XPD.RSDV.GD.ZS","","","","","","","","","","","","","","","","","","","","","","","","","","","","","","","","","","","","","1.59810996055603","1.69444000720978","1.7715699672699","1.88782000541687","1.93245995044708","2.05092000961304","2.12411999702454","2.2409200668335","2.23662996292114","2.45869994163513","2.43928003311157","2.50631999969482","2.66956996917725","2.70781993865967","2.79846000671387","2.76577997207642","2.83639001846313","","","",
"Azerbaijan","AZE","Research and development expenditure (% of GDP)","GB.XPD.RSDV.GD.ZS","","","","","","","","","","","","","","","","","","","","","","","","","","","","","","","","","","","","","0.235330000519753","0.369500011205673","0.421240001916885","0.392890006303787","0.335999995470047","0.340009987354279","0.301550000905991","0.324959993362427","0.29831001162529","0.219940006732941","0.171650007367134","0.170059993863106","0.165539994835854","0.249760001897812","0.218480005860329","0.210840001702309","","","","",
"Burundi","BDI","Research and development expenditure (% of GDP)","GB.XPD.RSDV.GD.ZS","","","","","","","","","","","","","","","","","","","","","","","","","","","","","","","","","","","","","","","","","","","","","","","","0.200699999928474","0.154190003871918","0.144339993596077","0.137549996376038","0.12126000225544","","","","",
"Belgium","BEL","Research and development expenditure (% of GDP)","GB.XPD.RSDV.GD.ZS","","","","","","","","","","","","","","","","","","","","","","","","","","","","","","","","","","","","","1.76450002193451","1.83103001117706","1.85932004451752","1.93300998210907","1.96557998657227","2.06824994087219","1.93608999252319","1.87481999397278","1.85508000850677","1.82957005500793","1.8588399887085","1.8929899930954","1.96686005592346","2.02667999267578","2.10477995872498","2.21281003952026","2.23621010780334","","","",
"Benin","BEN","Research and development expenditure (% of GDP)","GB.XPD.RSDV.GD.ZS","","","","","","","","","","","","","","","","","","","","","","","","","","","","","","","","","","","","","","","","","","","","","","","","","","","","","","","","",
"Burkina Faso","BFA","Research and development expenditure (% of GDP)","GB.XPD.RSDV.GD.ZS","","","","","","","","","","","","","","","","","","","","","","","","","","","","","","","","","","","","","0.158340007066727","0.18104000389576","","","","0.190569996833801","0.338660001754761","0.271189987659454","0.241970002651215","0.170570001006126","","0.110880002379417","0.186759993433952","0.200560003519058","","","","","","",
"Bangladesh","BGD","Research and development expenditure (% of GDP)","GB.XPD.RSDV.GD.ZS","","","","","","","","","","","","","","","","","","","","","","","","","","","","","","","","","","","","","","","","","","","","","","","","","","","","","","","","",
"Bulgaria","BGR","Research and development expenditure (% of GDP)","GB.XPD.RSDV.GD.ZS","","","","","","","","","","","","","","","","","","","","","","","","","","","","","","","","","","","","","0.578459978103638","0.523940026760101","0.554970026016235","0.553080022335052","0.508289992809296","0.457239985466003","0.477050006389618","0.483110010623932","0.487150013446808","0.457619994878769","0.457749992609024","0.453680008649826","0.470239996910095","0.528469979763031","0.597940027713776","0.570410013198853","0.639240026473999","","","",
"Bahrain","BHR","Research and development expenditure (% of GDP)","GB.XPD.RSDV.GD.ZS","","","","","","","","","","","","","","","","","","","","","","","","","","","","","","","","","","","","","","","","","","","","","","","","","","","","","","","","",
"Bahamas, The","BHS","Research and development expenditure (% of GDP)","GB.XPD.RSDV.GD.ZS","","","","","","","","","","","","","","","","","","","","","","","","","","","","","","","","","","","","","","","","","","","","","","","","","","","","","","","","",
"Bosnia and Herzegovina","BIH","Research and development expenditure (% of GDP)","GB.XPD.RSDV.GD.ZS","","","","","","","","","","","","","","","","","","","","","","","","","","","","","","","","","","","","","","","","","","","","0.0185400005429983","0.0161099992692471","0.0276500005275011","0.0204300004988909","0.0260300002992153","0.0189800001680851","0.0217099990695715","","","","","","",
"Belarus","BLR","Research and development expenditure (% of GDP)","GB.XPD.RSDV.GD.ZS","","","","","","","","","","","","","","","","","","","","","","","","","","","","","","","","","","","","","0.998520016670227","0.730000019073486","0.705780029296875","0.845229983329773","0.722100019454956","0.708760023117065","0.620899975299835","0.611469984054565","0.627590000629425","0.678520023822784","0.660650014877319","0.962029993534088","0.741469979286194","0.642690002918243","0.693499982357025","0.700600028038025","","","","",
"Belize","BLZ","Research and development expenditure (% of GDP)","GB.XPD.RSDV.GD.ZS","","","","","","","","","","","","","","","","","","","","","","","","","","","","","","","","","","","","","","","","","","","","","","","","","","","","","","","","",
"Bermuda","BMU","Research and development expenditure (% of GDP)","GB.XPD.RSDV.GD.ZS","","","","","","","","","","","","","","","","","","","","","","","","","","","","","","","","","","","","","","0.0588500015437603","","","","","","","","","","0.205259993672371","0.209499999880791","0.222169995307922","0.22282999753952","0.261220008134842","","","","",
"Bolivia","BOL","Research and development expenditure (% of GDP)","GB.XPD.RSDV.GD.ZS","","","","","","","","","","","","","","","","","","","","","","","","","","","","","","","","","","","","","0.325439989566803","0.315770000219345","0.294950008392334","0.298359990119934","0.287440001964569","0.293579995632172","0.276630014181137","","","","","","","0.157000005245209","","","","","","",
"Brazil","BRA","Research and development expenditure (% of GDP)","GB.XPD.RSDV.GD.ZS","","","","","","","","","","","","","","","","","","","","","","","","","","","","","","","","","","","","","","","","","1.01824998855591","1.04289996623993","0.98471999168396","0.957920014858246","0.899519979953766","0.971319973468781","1.00801002979279","1.09513998031616","1.11431002616882","1.166139960289","1.16041994094849","1.20964002609253","","","","",
"Barbados","BRB","Research and development expenditure (% of GDP)","GB.XPD.RSDV.GD.ZS","","","","","","","","","","","","","","","","","","","","","","","","","","","","","","","","","","","","","","","","","","","","","","","","","","","","","","","","",
"Brunei Darussalam","BRN","Research and development expenditure (% of GDP)","GB.XPD.RSDV.GD.ZS","","","","","","","","","","","","","","","","","","","","","","","","","","","","","","","","","","","","","","","","","","","0.0159200001507998","0.0184199996292591","0.0370099991559982","","","","","","","","","","","",
"Bhutan","BTN","Research and development expenditure (% of GDP)","GB.XPD.RSDV.GD.ZS","","","","","","","","","","","","","","","","","","","","","","","","","","","","","","","","","","","","","","","","","","","","","","","","","","","","","","","","",
"Botswana","BWA","Research and development expenditure (% of GDP)","GB.XPD.RSDV.GD.ZS","","","","","","","","","","","","","","","","","","","","","","","","","","","","","","","","","","","","","","","","","","","","","","0.532859981060028","","","","","","","","","","",
"Central African Republic","CAF","Research and development expenditure (% of GDP)","GB.XPD.RSDV.GD.ZS","","","","","","","","","","","","","","","","","","","","","","","","","","","","","","","","","","","","","","","","","","","","","","","","","","","","","","","","",
"Canada","CAN","Research and development expenditure (% of GDP)","GB.XPD.RSDV.GD.ZS","","","","","","","","","","","","","","","","","","","","","","","","","","","","","","","","","","","","","1.65093004703522","1.65803003311157","1.75829994678497","1.79522001743317","1.90938997268677","2.08772993087769","2.04145002365112","2.03523993492126","2.06668996810913","2.03975009918213","2.00488996505737","1.96340000629425","1.91821002960205","1.97052001953125","1.8600800037384","1.78503000736237","1.72797000408173","","","",
"Central Europe and the Baltics","CEB","Research and development expenditure (% of GDP)","GB.XPD.RSDV.GD.ZS","","","","","","","","","","","","","","","","","","","","","","","","","","","","","","","","","","","","","0.755566076834252","0.774210641072429","0.75420067921739","0.759324475293164","0.762330549086244","0.763755689393368","0.75468395308592","0.746295104222339","0.750467838300741","0.752643534620714","0.770379503040105","0.778103958646584","0.805646433700122","0.856527798175517","0.900869040771954","0.990156264254511","1.09708128630588","","","",
"Switzerland","CHE","Research and development expenditure (% of GDP)","GB.XPD.RSDV.GD.ZS","","","","","","","","","","","","","","","","","","","","","","","","","","","","","","","","","","","","","2.59029006958008","","","","2.46875","","","","2.8150999546051","","","","2.87046003341675","","","","","","","",
"Channel Islands","CHI","Research and development expenditure (% of GDP)","GB.XPD.RSDV.GD.ZS","","","","","","","","","","","","","","","","","","","","","","","","","","","","","","","","","","","","","","","","","","","","","","","","","","","","","","","","",
"Chile","CHL","Research and development expenditure (% of GDP)","GB.XPD.RSDV.GD.ZS","","","","","","","","","","","","","","","","","","","","","","","","","","","","","","","","","","","","","","","","","","","","","","","","0.310499995946884","0.374989986419678","0.409570008516312","0.417219996452332","","","","","",
"China","CHN","Research and development expenditure (% of GDP)","GB.XPD.RSDV.GD.ZS","","","","","","","","","","","","","","","","","","","","","","","","","","","","","","","","","","","","","0.568279981613159","0.644729971885681","0.652970016002655","0.757049977779388","0.902760028839111","0.950689971446991","1.07002997398376","1.13355994224548","1.22988998889923","1.32475996017456","1.3882999420166","1.39582002162933","1.46985995769501","1.70197999477386","1.75899004936218","1.83616995811462","1.98304998874664","","","",
"Cote d'Ivoire","CIV","Research and development expenditure (% of GDP)","GB.XPD.RSDV.GD.ZS","","","","","","","","","","","","","","","","","","","","","","","","","","","","","","","","","","","","","","","","","","","","","","","","","","","","","","","","",
"Cameroon","CMR","Research and development expenditure (% of GDP)","GB.XPD.RSDV.GD.ZS","","","","","","","","","","","","","","","","","","","","","","","","","","","","","","","","","","","","","","","","","","","","","","","","","","","","","","","","",
"Congo, Rep.","COG","Research and development expenditure (% of GDP)","GB.XPD.RSDV.GD.ZS","","","","","","","","","","","","","","","","","","","","","","","","","","","","","","","","","","","","","","","","","","","","","","","","","","","","","","","","",
"Colombia","COL","Research and development expenditure (% of GDP)","GB.XPD.RSDV.GD.ZS","","","","","","","","","","","","","","","","","","","","","","","","","","","","","","","","","","","","","0.299230009317398","0.273660004138947","","","0.106030002236366","0.109449997544289","0.115970000624657","0.140430003404617","0.142010003328323","0.143350005149841","0.141660004854202","0.170530006289482","0.181779995560646","0.177790001034737","0.1805399954319","0.182970002293587","0.172670006752014","","","",
"Comoros","COM","Research and development expenditure (% of GDP)","GB.XPD.RSDV.GD.ZS","","","","","","","","","","","","","","","","","","","","","","","","","","","","","","","","","","","","","","","","","","","","","","","","","","","","","","","","",
"Cabo Verde","CPV","Research and development expenditure (% of GDP)","GB.XPD.RSDV.GD.ZS","","","","","","","","","","","","","","","","","","","","","","","","","","","","","","","","","","","","","","","","","","","","","","","","","","","","0.0726400017738342","","","","",
"Costa Rica","CRI","Research and development expenditure (% of GDP)","GB.XPD.RSDV.GD.ZS","","","","","","","","","","","","","","","","","","","","","","","","","","","","","","","","","","","","","0.298000007867813","0.290749996900558","0.257400006055832","0.331719994544983","0.387279987335205","","","0.356819987297058","0.373180001974106","","0.430469989776611","0.364170014858246","0.398400008678436","0.541170001029968","0.482609987258911","0.476410001516342","","","","",
"Caribbean small states","CSS","Research and development expenditure (% of GDP)","GB.XPD.RSDV.GD.ZS","","","","","","","","","","","","","","","","","","","","","","","","","","","","","","","","","","","","","","","","","","","","","","","","","","","","","","","","",
"Cuba","CUB","Research and development expenditure (% of GDP)","GB.XPD.RSDV.GD.ZS","","","","","","","","","","","","","","","","","","","","","","","","","","","","","","","","","","","","","0.347359985113144","0.401719987392426","0.501230001449585","0.458310008049011","0.478650003671646","0.565280020236969","0.564450025558472","0.582430005073547","0.602310001850128","0.549199998378754","0.441390007734299","0.436150014400482","0.500609993934631","0.614870011806488","0.607659995555878","0.274940013885498","0.419340014457703","","","",
"Curacao","CUW","Research and development expenditure (% of GDP)","GB.XPD.RSDV.GD.ZS","","","","","","","","","","","","","","","","","","","","","","","","","","","","","","","","","","","","","","","","","","","","","","","","","","","","","","","","",
"Cayman Islands","CYM","Research and development expenditure (% of GDP)","GB.XPD.RSDV.GD.ZS","","","","","","","","","","","","","","","","","","","","","","","","","","","","","","","","","","","","","","","","","","","","","","","","","","","","","","","","",
"Cyprus","CYP","Research and development expenditure (% of GDP)","GB.XPD.RSDV.GD.ZS","","","","","","","","","","","","","","","","","","","","","","","","","","","","","","","","","","","","","","","0.218099996447563","0.234160006046295","0.243239998817444","0.254530012607574","0.302529990673065","0.347689986228943","0.367549985647202","0.404370009899139","0.425020009279251","0.441199988126755","0.424389988183975","0.489719986915588","0.493550002574921","0.497159987688065","0.467260003089905","","","",
"Czech Republic","CZE","Research and development expenditure (% of GDP)","GB.XPD.RSDV.GD.ZS","","","","","","","","","","","","","","","","","","","","","","","","","","","","","","","","","","","","","0.923280000686646","1.03332996368408","1.10909998416901","1.10035002231598","1.16699004173279","1.15728998184204","1.15100002288818","1.19959998130798","1.19771003723145","1.22416996955872","1.2905900478363","1.36539995670319","1.29591000080109","1.35342001914978","1.39740002155304","1.64129996299744","1.8814799785614","","","",
"Germany","DEU","Research and development expenditure (% of GDP)","GB.XPD.RSDV.GD.ZS","","","","","","","","","","","","","","","","","","","","","","","","","","","","","","","","","","","","","2.19565010070801","2.24086999893188","2.27837991714478","2.40930008888245","2.47222995758057","2.47405004501343","2.50275993347168","2.53962993621826","2.50339007377625","2.5058000087738","2.54026007652283","2.53168988227844","2.68945002555847","2.82262992858887","2.80351996421814","2.8928599357605","2.91910004615784","","","",
"Djibouti","DJI","Research and development expenditure (% of GDP)","GB.XPD.RSDV.GD.ZS","","","","","","","","","","","","","","","","","","","","","","","","","","","","","","","","","","","","","","","","","","","","","","","","","","","","","","","","",
"Dominica","DMA","Research and development expenditure (% of GDP)","GB.XPD.RSDV.GD.ZS","","","","","","","","","","","","","","","","","","","","","","","","","","","","","","","","","","","","","","","","","","","","","","","","","","","","","","","","",
"Denmark","DNK","Research and development expenditure (% of GDP)","GB.XPD.RSDV.GD.ZS","","","","","","","","","","","","","","","","","","","","","","","","","","","","","","","","","","","","","1.83798003196716","1.92352998256683","2.04475998878479","2.17682003974915","","2.38718008995056","2.50819993019104","2.57548999786377","2.48486995697021","2.45644998550415","2.47751998901367","2.58008003234863","2.84990000724792","3.16038990020752","3.00137996673584","2.97599005699158","2.98415994644165","","","",
"Dominican Republic","DOM","Research and development expenditure (% of GDP)","GB.XPD.RSDV.GD.ZS","","","","","","","","","","","","","","","","","","","","","","","","","","","","","","","","","","","","","","","","","","","","","","","","","","","","","","","","",
"Algeria","DZA","Research and development expenditure (% of GDP)","GB.XPD.RSDV.GD.ZS","","","","","","","","","","","","","","","","","","","","","","","","","","","","","","","","","","","","","","","","","","0.230279996991158","0.366400003433228","0.196229994297028","0.163570001721382","0.066040001809597","","","","","","","","","","",
"East Asia & Pacific (developing only)","EAP","Research and development expenditure (% of GDP)","GB.XPD.RSDV.GD.ZS","","","","","","","","","","","","","","","","","","","","","","","","","","","","","","","","","","","","","0.465917592521122","0.570414172005196","0.635713480856947","0.70592691252842","0.739553197866437","0.810733547444461","0.924712648946731","1.02176966440851","1.1232719644993","1.19930127209626","1.27020874417233","1.27120590464411","1.43573068857665","1.47090638682113","1.73010701837973","1.80545980011388","1.98304998874664","","","",
"East Asia & Pacific (all income levels)","EAS","Research and development expenditure (% of GDP)","GB.XPD.RSDV.GD.ZS","","","","","","","","","","","","","","","","","","","","","","","","","","","","","","","","","","","","","2.27357433621192","2.34770687606492","2.3156387814213","2.39662135479611","2.32379836785842","2.37824900079789","2.33707042961335","2.42983445152629","2.41094844096171","2.51222041132266","2.50131103625419","2.45423891520704","2.49501163517115","2.37271115561517","2.49629965946839","2.58549513736816","","","","",
"Europe & Central Asia (developing only)","ECA","Research and development expenditure (% of GDP)","GB.XPD.RSDV.GD.ZS","","","","","","","","","","","","","","","","","","","","","","","","","","","","","","","","","","","","","0.523598496410961","0.613840361090503","0.481153020002917","0.526123549441305","0.502446872381076","0.536369719224216","0.538034635955367","0.508469572035655","0.51762241633973","0.578692530226189","0.551775377903113","0.618977447228084","0.613226066056021","0.675380473479634","0.670880366568994","0.662025059503855","","","","",
"Europe & Central Asia (all income levels)","ECS","Research and development expenditure (% of GDP)","GB.XPD.RSDV.GD.ZS","","","","","","","","","","","","","","","","","","","","","","","","","","","","","","","","","","","","","1.72682470949308","1.70801944856154","1.67803537042726","1.77422469908244","1.75546863531845","1.80077614812043","1.77079882903388","1.79486769859746","1.77065951700468","1.72187830771284","1.72922880892524","1.72914266809997","1.81493591661494","1.91269634082031","1.87101028670001","1.87118920274618","1.95174624816056","","","",
"Ecuador","ECU","Research and development expenditure (% of GDP)","GB.XPD.RSDV.GD.ZS","","","","","","","","","","","","","","","","","","","","","","","","","","","","","","","","","","","","","0.0772600024938583","0.0660799965262413","0.0695599988102913","","","0.0515000000596046","0.0553399994969368","0.0573499985039234","","","0.128629997372627","0.131940007209778","0.227789998054504","","","","","","","",
"Egypt, Arab Rep.","EGY","Research and development expenditure (% of GDP)","GB.XPD.RSDV.GD.ZS","","","","","","","","","","","","","","","","","","","","","","","","","","","","","","","","","","","","","0.212599992752075","0.197559997439384","0.199100002646446","0.186509996652603","0.192469999194145","","","","0.269939988851547","0.241410002112389","0.259030014276505","0.255100011825562","0.270240008831024","0.239109992980957","0.397810012102127","0.428629994392395","","","","",
"Euro area","EMU","Research and development expenditure (% of GDP)","GB.XPD.RSDV.GD.ZS","","","","","","","","","","","","","","","","","","","","","","","","","","","","","","","","","","","","","1.79009154808766","1.76512192553909","1.79764908495112","1.82410258766024","1.86752915209846","1.86012264190539","1.90186114235011","1.86668659003445","1.84356427697361","1.83863309291359","1.86196380389854","1.86974551545535","1.99043651625227","2.09407004132765","2.0996683860857","2.11067313902786","2.13725614770725","","","",
"Eritrea","ERI","Research and development expenditure (% of GDP)","GB.XPD.RSDV.GD.ZS","","","","","","","","","","","","","","","","","","","","","","","","","","","","","","","","","","","","","","","","","","","","","","","","","","","","","","","","",
"Spain","ESP","Research and development expenditure (% of GDP)","GB.XPD.RSDV.GD.ZS","","","","","","","","","","","","","","","","","","","","","","","","","","","","","","","","","","","","","0.813520014286041","0.80171000957489","0.874239981174469","0.86176997423172","0.907909989356995","0.915220022201538","0.986419975757599","1.04881000518799","1.06333005428314","1.12139999866486","1.19885003566742","1.26689004898071","1.35149002075195","1.39285004138947","1.39520001411438","1.35563004016876","1.30141997337341","","","",
"Estonia","EST","Research and development expenditure (% of GDP)","GB.XPD.RSDV.GD.ZS","","","","","","","","","","","","","","","","","","","","","","","","","","","","","","","","","","","","","","","0.572660028934479","0.683200001716614","0.60114997625351","0.700010001659393","0.71627002954483","0.766889989376068","0.853890001773834","0.93028998374939","1.12758004665375","1.08061003684998","1.2814199924469","1.41301000118256","1.61963999271393","2.37072992324829","2.18191003799438","","","",
"Ethiopia","ETH","Research and development expenditure (% of GDP)","GB.XPD.RSDV.GD.ZS","","","","","","","","","","","","","","","","","","","","","","","","","","","","","","","","","","","","","","","","","","","","","","0.182349994778633","","0.173930004239082","","","0.245660006999969","","","","","",
"European Union","EUU","Research and development expenditure (% of GDP)","GB.XPD.RSDV.GD.ZS","","","","","","","","","","","","","","","","","","","","","","","","","","","","","","","","","","","","","1.75568838341373","1.77684443539017","1.75035587436884","1.83713082173523","1.805924491551","1.86721590235559","1.83641724964035","1.86270699303288","1.82459468545724","1.81745439908277","1.83973137003471","1.84173245844695","1.93786007440705","2.03759565654178","2.02735592048144","2.04294375627581","2.05978448867852","","","",
"Fragile and conflict affected situations","FCS","Research and development expenditure (% of GDP)","GB.XPD.RSDV.GD.ZS","","","","","","","","","","","","","","","","","","","","","","","","","","","","","","","","","","","","","","","","","","","","","","","","","","","","","","","","",
"Finland","FIN","Research and development expenditure (% of GDP)","GB.XPD.RSDV.GD.ZS","","","","","","","","","","","","","","","","","","","","","","","","","","","","","","","","","","","","","2.52558994293213","2.70524001121521","2.87616991996765","3.1710000038147","3.34552001953125","3.31615996360779","3.36268997192383","3.43914008140564","3.45016002655029","3.4769299030304","3.47551989555359","3.47143006324768","3.70070004463196","3.93833994865417","3.90059995651245","3.7967700958252","3.54822993278503","","","",
"Fiji","FJI","Research and development expenditure (% of GDP)","GB.XPD.RSDV.GD.ZS","","","","","","","","","","","","","","","","","","","","","","","","","","","","","","","","","","","","","","","","","","","","","","","","","","","","","","","","",
"France","FRA","Research and development expenditure (% of GDP)","GB.XPD.RSDV.GD.ZS","","","","","","","","","","","","","","","","","","","","","","","","","","","","","","","","","","","","","2.26929998397827","2.1944100856781","2.14357995986938","2.16007995605469","2.15015006065369","2.19900989532471","2.23777008056641","2.17703008651733","2.1559100151062","2.10864996910095","2.10801005363464","2.08306002616882","2.12426996231079","2.2714900970459","2.244460105896","2.24978995323181","2.26263999938965","","","",
"Faeroe Islands","FRO","Research and development expenditure (% of GDP)","GB.XPD.RSDV.GD.ZS","","","","","","","","","","","","","","","","","","","","","","","","","","","","","","","","","","","","","","","","","","","","0.861169993877411","","","","","","","","","","","","",
"Micronesia, Fed. Sts.","FSM","Research and development expenditure (% of GDP)","GB.XPD.RSDV.GD.ZS","","","","","","","","","","","","","","","","","","","","","","","","","","","","","","","","","","","","","","","","","","","","","","","","","","","","","","","","",
"Gabon","GAB","Research and development expenditure (% of GDP)","GB.XPD.RSDV.GD.ZS","","","","","","","","","","","","","","","","","","","","","","","","","","","","","","","","","","","","","","","","","","","","","","","","0.447569996118546","0.505140006542206","0.580869972705841","","","","","","",
"United Kingdom","GBR","Research and development expenditure (% of GDP)","GB.XPD.RSDV.GD.ZS","","","","","","","","","","","","","","","","","","","","","","","","","","","","","","","","","","","","","1.80096995830536","1.73364996910095","1.73204004764557","1.80402004718781","1.79488003253937","1.77235996723175","1.77794003486633","1.73248994350433","1.66929996013641","1.6981600522995","1.71940994262695","1.75060999393463","1.75375998020172","1.82476997375488","1.77447998523712","1.78145003318787","1.72107994556427","","","",
"Georgia","GEO","Research and development expenditure (% of GDP)","GB.XPD.RSDV.GD.ZS","","","","","","","","","","","","","","","","","","","","","","","","","","","","","","","","","","","","","0.330879986286163","0.342400014400482","0.353839993476868","0.287690013647079","0.215299993753433","0.238480001688004","0.185739994049072","0.217600002884865","0.244200006127357","0.176579996943474","","","","","","","","","","",
"Ghana","GHA","Research and development expenditure (% of GDP)","GB.XPD.RSDV.GD.ZS","","","","","","","","","","","","","","","","","","","","","","","","","","","","","","","","","","","","","","","","","","","","","","","","0.23157000541687","","","0.376549988985062","","","","","",
"Guinea","GIN","Research and development expenditure (% of GDP)","GB.XPD.RSDV.GD.ZS","","","","","","","","","","","","","","","","","","","","","","","","","","","","","","","","","","","","","","","","","","","","","","","","","","","","","","","","",
"Gambia, The","GMB","Research and development expenditure (% of GDP)","GB.XPD.RSDV.GD.ZS","","","","","","","","","","","","","","","","","","","","","","","","","","","","","","","","","","","","","","","","","","","","","","","","","0.0203900001943111","0.0174800008535385","","0.133090004324913","","","","",
"Guinea-Bissau","GNB","Research and development expenditure (% of GDP)","GB.XPD.RSDV.GD.ZS","","","","","","","","","","","","","","","","","","","","","","","","","","","","","","","","","","","","","","","","","","","","","","","","","","","","","","","","",
"Equatorial Guinea","GNQ","Research and development expenditure (% of GDP)","GB.XPD.RSDV.GD.ZS","","","","","","","","","","","","","","","","","","","","","","","","","","","","","","","","","","","","","","","","","","","","","","","","","","","","","","","","",
"Greece","GRC","Research and development expenditure (% of GDP)","GB.XPD.RSDV.GD.ZS","","","","","","","","","","","","","","","","","","","","","","","","","","","","","","","","","","","","","","0.456200003623962","","0.608139991760254","","0.586839973926544","","0.572250008583069","0.556410014629364","0.597530007362366","0.586040019989014","0.601180016994476","","","","0.667119979858398","0.690379977226257","","","",
"Grenada","GRD","Research and development expenditure (% of GDP)","GB.XPD.RSDV.GD.ZS","","","","","","","","","","","","","","","","","","","","","","","","","","","","","","","","","","","","","","","","","","","","","","","","","","","","","","","","",
"Greenland","GRL","Research and development expenditure (% of GDP)","GB.XPD.RSDV.GD.ZS","","","","","","","","","","","","","","","","","","","","","","","","","","","","","","","","","","","","","","","","","","0.527409970760345","0.556280016899109","0.555169999599457","0.715810000896454","","","","","","","","","","","",
"Guatemala","GTM","Research and development expenditure (% of GDP)","GB.XPD.RSDV.GD.ZS","","","","","","","","","","","","","","","","","","","","","","","","","","","","","","","","","","","","","","","","","","","","","","0.0350000001490116","0.0493000000715256","0.0667399987578392","0.061879999935627","0.0553000010550022","0.0434999987483025","0.0480999983847141","","","","",
"Guam","GUM","Research and development expenditure (% of GDP)","GB.XPD.RSDV.GD.ZS","","","","","","","","","","","","","","","","","","","","","","","","","","","","","","","","","","","","","","","","","","","","","","","","","","","","","","","","",
"Guyana","GUY","Research and development expenditure (% of GDP)","GB.XPD.RSDV.GD.ZS","","","","","","","","","","","","","","","","","","","","","","","","","","","","","","","","","","","","","","","","","","","","","","","","","","","","","","","","",
"High income","HIC","Research and development expenditure (% of GDP)","GB.XPD.RSDV.GD.ZS","","","","","","","","","","","","","","","","","","","","","","","","","","","","","","","","","","","","","2.16964230322856","2.19199007505593","2.19961807101878","2.27627401101342","2.33701038707821","2.36976291505673","2.32098238878907","2.29335207932287","2.23824298144849","2.24631091590133","2.26487514055679","2.2632318412745","2.34620539277221","2.4292291455343","2.41059670276206","2.42469385495594","2.32115347182602","","","",
"Hong Kong SAR, China","HKG","Research and development expenditure (% of GDP)","GB.XPD.RSDV.GD.ZS","","","","","","","","","","","","","","","","","","","","","","","","","","","","","","","","","","","","","","","0.428299993276596","0.457670003175735","0.46492999792099","0.536450028419495","0.581470012664795","0.68027001619339","0.721759974956512","0.773429989814758","0.794679999351501","0.751609981060028","0.71995997428894","0.773419976234436","0.749270021915436","","","","","",
"Honduras","HND","Research and development expenditure (% of GDP)","GB.XPD.RSDV.GD.ZS","","","","","","","","","","","","","","","","","","","","","","","","","","","","","","","","","","","","","","","","","0.0445300005376339","0.0383399985730648","0.0418099984526634","0.0421499982476234","0.0415499992668629","","","","","","","","","","","",
"Heavily indebted poor countries (HIPC)","HPC","Research and development expenditure (% of GDP)","GB.XPD.RSDV.GD.ZS","","","","","","","","","","","","","","","","","","","","","","","","","","","","","","","","","","","","","","","","","","","","","","","","","","","","","","","","",
"Croatia","HRV","Research and development expenditure (% of GDP)","GB.XPD.RSDV.GD.ZS","","","","","","","","","","","","","","","","","","","","","","","","","","","","","","","","","","","","","","","","0.851660013198853","1.05654001235962","0.925890028476715","0.960749983787537","0.964919984340668","1.0451500415802","0.866940021514893","0.748719990253448","0.802209973335266","0.895129978656769","0.850139975547791","0.754429996013641","0.757870018482208","0.751640021800995","","","",
"Haiti","HTI","Research and development expenditure (% of GDP)","GB.XPD.RSDV.GD.ZS","","","","","","","","","","","","","","","","","","","","","","","","","","","","","","","","","","","","","","","","","","","","","","","","","","","","","","","","",
"Hungary","HUN","Research and development expenditure (% of GDP)","GB.XPD.RSDV.GD.ZS","","","","","","","","","","","","","","","","","","","","","","","","","","","","","","","","","","","","","0.640259981155396","0.71042001247406","0.66745001077652","0.68325001001358","0.805159986019135","0.930920004844666","1.00161004066467","0.938049972057343","0.878419995307922","0.943599998950958","1.00504994392395","0.983089983463287","1.00350999832153","1.16754996776581","1.17002999782562","1.2177699804306","1.2966400384903","","","",
"Indonesia","IDN","Research and development expenditure (% of GDP)","GB.XPD.RSDV.GD.ZS","","","","","","","","","","","","","","","","","","","","","","","","","","","","","","","","","","","","","","","","","0.0676899999380112","0.0475599989295006","","","","","","","","0.0833199992775917","","","","","","",
"Isle of Man","IMN","Research and development expenditure (% of GDP)","GB.XPD.RSDV.GD.ZS","","","","","","","","","","","","","","","","","","","","","","","","","","","","","","","","","","","","","","","","","","","","","","","","","","","","","","","","",
"India","IND","Research and development expenditure (% of GDP)","GB.XPD.RSDV.GD.ZS","","","","","","","","","","","","","","","","","","","","","","","","","","","","","","","","","","","","","0.628040015697479","0.674849987030029","0.691659986972809","0.711650013923645","0.743950009346008","0.723230004310608","0.71315997838974","0.706889986991882","0.743849992752075","0.810440003871918","0.79721999168396","0.790799975395203","0.841080009937286","0.818809986114502","0.797179996967316","0.806020021438599","","","","",
"Not classified","INX","Research and development expenditure (% of GDP)","GB.XPD.RSDV.GD.ZS","","","","","","","","","","","","","","","","","","","","","","","","","","","","","","","","","","","","","","","","","","","","","","","","","","","","","","","","",
"Ireland","IRL","Research and development expenditure (% of GDP)","GB.XPD.RSDV.GD.ZS","","","","","","","","","","","","","","","","","","","","","","","","","","","","","","","","","","","","","1.29594004154205","1.26693999767303","1.23573994636536","1.17853999137878","1.11308002471924","1.09280002117157","1.09839999675751","1.16385996341705","1.22672998905182","1.24618995189667","1.24844002723694","1.28233003616333","1.44556999206543","1.68566000461578","1.68852996826172","1.65775001049042","1.72381997108459","","","",
"Iran, Islamic Rep.","IRN","Research and development expenditure (% of GDP)","GB.XPD.RSDV.GD.ZS","","","","","","","","","","","","","","","","","","","","","","","","","","","","","","","","","","","","","","","","","","0.551949977874756","0.547540009021759","0.67451000213623","0.587419986724854","0.734539985656738","0.66813999414444","","0.748799979686737","","","","","","","",
"Iraq","IRQ","Research and development expenditure (% of GDP)","GB.XPD.RSDV.GD.ZS","","","","","","","","","","","","","","","","","","","","","","","","","","","","","","","","","","","","","","","","","","","","","","","","0.0455400012433529","0.0343500003218651","0.0456200018525124","0.0357399992644787","0.033780001103878","","","","",
"Iceland","ISL","Research and development expenditure (% of GDP)","GB.XPD.RSDV.GD.ZS","","","","","","","","","","","","","","","","","","","","","","","","","","","","","","","","","","","","","","1.83361005783081","2.00086998939514","2.29627990722656","2.66912007331848","2.95167994499207","2.95144009590149","2.8188099861145","","2.77292990684509","2.99207997322083","2.68474006652832","2.64603996276855","2.81984996795654","","2.60487008094788","","","","",
"Israel","ISR","Research and development expenditure (% of GDP)","GB.XPD.RSDV.GD.ZS","","","","","","","","","","","","","","","","","","","","","","","","","","","","","","","","","","","","","2.71121001243591","2.96834993362427","3.08145999908447","3.51992988586426","4.16784000396729","4.4510498046875","4.42863988876343","4.16508007049561","4.14599990844727","4.30687999725342","4.22458982467651","4.52323007583618","4.4029598236084","4.16801023483276","3.96500992774963","3.97351002693176","3.92627000808716","","","",
"Italy","ITA","Research and development expenditure (% of GDP)","GB.XPD.RSDV.GD.ZS","","","","","","","","","","","","","","","","","","","","","","","","","","","","","","","","","","","","","0.980319976806641","1.02330994606018","1.04217994213104","1.01624000072479","1.03983998298645","1.08080995082855","1.1214200258255","1.10064005851746","1.09126996994019","1.08598005771637","1.12732005119324","1.17304003238678","1.20578002929688","1.26400005817413","1.2645800113678","1.25350999832153","1.26572000980377","","","",
"Jamaica","JAM","Research and development expenditure (% of GDP)","GB.XPD.RSDV.GD.ZS","","","","","","","","","","","","","","","","","","","","","","","","","","","","","","","","","","","","","","","","","","0.0495899990200996","0.0609599985182285","","","","","","","","","","","","","",
"Jordan","JOR","Research and development expenditure (% of GDP)","GB.XPD.RSDV.GD.ZS","","","","","","","","","","","","","","","","","","","","","","","","","","","","","","","","","","","","","","","","","","","0.336959987878799","","","","","","0.434700012207031","","","","","","","",
"Japan","JPN","Research and development expenditure (% of GDP)","GB.XPD.RSDV.GD.ZS","","","","","","","","","","","","","","","","","","","","","","","","","","","","","","","","","","","","","2.7650101184845","2.82761001586914","2.96020007133484","2.97733998298645","3.00168991088867","3.0744800567627","3.11561989784241","3.14387989044189","3.13319993019104","3.30870008468628","3.40910005569458","3.4614200592041","3.46706008911133","3.35734009742737","3.25394010543823","3.38807010650635","","","","",
"Kazakhstan","KAZ","Research and development expenditure (% of GDP)","GB.XPD.RSDV.GD.ZS","","","","","","","","","","","","","","","","","","","","","","","","","","","","","","","","","","","","","","0.293370008468628","0.220390006899834","0.183829993009567","0.18104000389576","0.220090001821518","0.255089998245239","0.25246000289917","0.248370006680489","0.283609986305237","0.242809996008873","0.208839997649193","0.216539993882179","0.229240000247955","0.153410002589226","0.157230004668236","","","","",
"Kenya","KEN","Research and development expenditure (% of GDP)","GB.XPD.RSDV.GD.ZS","","","","","","","","","","","","","","","","","","","","","","","","","","","","","","","","","","","","","","","","","","","","","","","","0.416790008544922","","","0.976170003414154","","","","","",
"Kyrgyz Republic","KGZ","Research and development expenditure (% of GDP)","GB.XPD.RSDV.GD.ZS","","","","","","","","","","","","","","","","","","","","","","","","","","","","","","","","","","","","","","0.193900004029274","0.210639998316765","0.179920002818108","0.156369999051094","0.171890005469322","0.198100000619888","0.222719997167587","0.199259996414185","0.198609992861748","0.230140000581741","0.234249994158745","0.190170004963875","0.159970000386238","0.155469998717308","0.15633000433445","","","","",
"Cambodia","KHM","Research and development expenditure (% of GDP)","GB.XPD.RSDV.GD.ZS","","","","","","","","","","","","","","","","","","","","","","","","","","","","","","","","","","","","","","","","","","","0.0498000010848045","","","","","","","","","","","","","",
"Kiribati","KIR","Research and development expenditure (% of GDP)","GB.XPD.RSDV.GD.ZS","","","","","","","","","","","","","","","","","","","","","","","","","","","","","","","","","","","","","","","","","","","","","","","","","","","","","","","","",
"St. Kitts and Nevis","KNA","Research and development expenditure (% of GDP)","GB.XPD.RSDV.GD.ZS","","","","","","","","","","","","","","","","","","","","","","","","","","","","","","","","","","","","","","","","","","","","","","","","","","","","","","","","",
"Korea, Rep.","KOR","Research and development expenditure (% of GDP)","GB.XPD.RSDV.GD.ZS","","","","","","","","","","","","","","","","","","","","","","","","","","","","","","","","","","","","","2.42491006851196","2.48114991188049","2.34177994728088","2.25150990486145","2.29570007324219","2.47316002845764","2.40445995330811","2.48576998710632","2.68298006057739","2.79175996780396","3.00918006896973","3.21035003662109","3.36089992523193","3.56123995780945","3.73780989646912","4.03918981552124","","","","",
"Kosovo","KSV","Research and development expenditure (% of GDP)","GB.XPD.RSDV.GD.ZS","","","","","","","","","","","","","","","","","","","","","","","","","","","","","","","","","","","","","","","","","","","","","","","","","","","","","","","","",
"Kuwait","KWT","Research and development expenditure (% of GDP)","GB.XPD.RSDV.GD.ZS","","","","","","","","","","","","","","","","","","","","","","","","","","","","","","","","","","","","","","0.205390006303787","0.257950007915497","0.197640001773834","0.125430002808571","0.178819999098778","0.180010005831718","0.143470004200935","0.1300999969244","0.100830003619194","0.0847800001502037","0.0858500003814697","0.0855000019073486","0.112199999392033","0.0975899994373322","0.0949399992823601","","","","",
"Latin America & Caribbean (developing only)","LAC","Research and development expenditure (% of GDP)","GB.XPD.RSDV.GD.ZS","","","","","","","","","","","","","","","","","","","","","","","","","","","","","","","","","","","","","","","","","0.592458451975908","0.566567042497731","0.545747964027974","0.560655747457041","0.563900210044057","0.632501408578006","0.641863766914799","0.699269556825613","0.741705502199044","0.814986286574371","0.845071432272199","0.871063656399695","","","","",
"Lao PDR","LAO","Research and development expenditure (% of GDP)","GB.XPD.RSDV.GD.ZS","","","","","","","","","","","","","","","","","","","","","","","","","","","","","","","","","","","","","","","","","","","0.0370999984443188","","","","","","","","","","","","","",
"Lebanon","LBN","Research and development expenditure (% of GDP)","GB.XPD.RSDV.GD.ZS","","","","","","","","","","","","","","","","","","","","","","","","","","","","","","","","","","","","","","","","","","","","","","","","","","","","","","","","",
"Liberia","LBR","Research and development expenditure (% of GDP)","GB.XPD.RSDV.GD.ZS","","","","","","","","","","","","","","","","","","","","","","","","","","","","","","","","","","","","","","","","","","","","","","","","","","","","","","","","",
"Libya","LBY","Research and development expenditure (% of GDP)","GB.XPD.RSDV.GD.ZS","","","","","","","","","","","","","","","","","","","","","","","","","","","","","","","","","","","","","","","","","","","","","","","","","","","","","","","","",
"St. Lucia","LCA","Research and development expenditure (% of GDP)","GB.XPD.RSDV.GD.ZS","","","","","","","","","","","","","","","","","","","","","","","","","","","","","","","","","","","","","","","0.765879988670349","0.364399999380112","","","","","","","","","","","","","","","","",
"Latin America & Caribbean (all income levels)","LCN","Research and development expenditure (% of GDP)","GB.XPD.RSDV.GD.ZS","","","","","","","","","","","","","","","","","","","","","","","","","","","","","","","","","","","","","","","","","0.562569558952872","0.54333649488518","0.531140117117954","0.546054813958718","0.548728578755219","0.61155027029413","0.621535894698603","0.654776625386669","0.694583887598405","0.757809391561255","0.79322985793825","0.837575418958445","","","","",
"Least developed countries: UN classification","LDC","Research and development expenditure (% of GDP)","GB.XPD.RSDV.GD.ZS","","","","","","","","","","","","","","","","","","","","","","","","","","","","","","","","","","","","","","","","","","","","","","","","","","","","","","","","",
"Low income","LIC","Research and development expenditure (% of GDP)","GB.XPD.RSDV.GD.ZS","","","","","","","","","","","","","","","","","","","","","","","","","","","","","","","","","","","","","","","","","","","","","","","","","","","","","","","","",
"Liechtenstein","LIE","Research and development expenditure (% of GDP)","GB.XPD.RSDV.GD.ZS","","","","","","","","","","","","","","","","","","","","","","","","","","","","","","","","","","","","","","","","","","","","","","","","","","","","","","","","",
"Sri Lanka","LKA","Research and development expenditure (% of GDP)","GB.XPD.RSDV.GD.ZS","","","","","","","","","","","","","","","","","","","","","","","","","","","","","","","","","","","","","0.183559998869896","","","","0.143920004367828","","","","0.182099997997284","","0.174199998378754","","0.114440001547337","","0.156639993190765","","","","","",
"Lower middle income","LMC","Research and development expenditure (% of GDP)","GB.XPD.RSDV.GD.ZS","","","","","","","","","","","","","","","","","","","","","","","","","","","","","","","","","","","","","","","","","0.486892871957057","","","","","","","0.621370440469495","","0.563139715186925","","","","","","",
"Low & middle income","LMY","Research and development expenditure (% of GDP)","GB.XPD.RSDV.GD.ZS","","","","","","","","","","","","","","","","","","","","","","","","","","","","","","","","","","","","","","","","","0.635035762767254","0.66329475600645","0.704320353150989","0.750181289395674","0.788302509707778","0.844110843224482","0.888509776294593","0.898754389167283","0.99648152278423","1.09694848532014","1.18733333945151","1.26932098273253","","","","",
"Lesotho","LSO","Research and development expenditure (% of GDP)","GB.XPD.RSDV.GD.ZS","","","","","","","","","","","","","","","","","","","","","","","","","","","","","","","","","","","","","","","","","","","0.049430001527071","0.0513099990785122","0.0677300021052361","","","","","0.0295100007206202","","0.0128300003707409","","","","",
"Lithuania","LTU","Research and development expenditure (% of GDP)","GB.XPD.RSDV.GD.ZS","","","","","","","","","","","","","","","","","","","","","","","","","","","","","","","","","","","","","0.489140003919601","0.536149978637695","0.54312002658844","0.502080023288727","0.590179979801178","0.671920001506805","0.661989986896515","0.670300006866455","0.753929972648621","0.752149999141693","0.794510006904602","0.813929975032806","0.798420011997223","0.843039989471436","0.801270008087158","0.917649984359741","0.901660025119781","","","",
"Luxembourg","LUX","Research and development expenditure (% of GDP)","GB.XPD.RSDV.GD.ZS","","","","","","","","","","","","","","","","","","","","","","","","","","","","","","","","","","","","","","","","","1.65420997142792","","","1.64898002147675","1.63128995895386","1.55932998657227","1.66155004501343","1.57772994041443","1.65580999851227","1.74356997013092","1.50523996353149","1.41434001922607","1.44065999984741","","","",
"Latvia","LVA","Research and development expenditure (% of GDP)","GB.XPD.RSDV.GD.ZS","","","","","","","","","","","","","","","","","","","","","","","","","","","","","","","","","","","","","0.424560010433197","0.389849990606308","0.410719990730286","0.363660007715225","0.441819995641708","0.404989987611771","0.419050008058548","0.378080010414124","0.417919993400574","0.558650016784668","0.699989974498749","0.594929993152618","0.6146399974823","0.457850009202957","0.604589998722076","0.696309983730316","0.658510029315948","","","",
"Macao SAR, China","MAC","Research and development expenditure (% of GDP)","GB.XPD.RSDV.GD.ZS","","","","","","","","","","","","","","","","","","","","","","","","","","","","","","","","","","","","","","","","","","0.0655400007963181","0.0731799975037575","0.0649600028991699","0.0554499998688698","0.090329997241497","0.0846299976110458","0.0580600015819073","0.10249999910593","0.0595399998128414","0.0517200008034706","0.0437600016593933","","","","",
"St. Martin (French part)","MAF","Research and development expenditure (% of GDP)","GB.XPD.RSDV.GD.ZS","","","","","","","","","","","","","","","","","","","","","","","","","","","","","","","","","","","","","","","","","","","","","","","","","","","","","","","","",
"Morocco","MAR","Research and development expenditure (% of GDP)","GB.XPD.RSDV.GD.ZS","","","","","","","","","","","","","","","","","","","","","","","","","","","","","","","","","","","","","","","0.285600006580353","","","0.634729981422424","0.549549996852875","0.659089982509613","","","0.635680019855499","","","","0.733799993991852","","","","","",
"Monaco","MCO","Research and development expenditure (% of GDP)","GB.XPD.RSDV.GD.ZS","","","","","","","","","","","","","","","","","","","","","","","","","","","","","","","","","","","","","","","","","","","","","0.0371900014579296","0.0375199988484383","","","","","","","","","","",
"Moldova","MDA","Research and development expenditure (% of GDP)","GB.XPD.RSDV.GD.ZS","","","","","","","","","","","","","","","","","","","","","","","","","","","","","","","","","","","","","0.87295001745224","0.806789994239807","","","","","","0.324050009250641","0.349029988050461","0.398649990558624","0.406219989061356","0.54558002948761","0.534630000591278","0.525569975376129","0.439869999885559","0.404989987611771","","","","",
"Madagascar","MDG","Research and development expenditure (% of GDP)","GB.XPD.RSDV.GD.ZS","","","","","","","","","","","","","","","","","","","","","","","","","","","","","","","","","","","","","","0.220320001244545","0.110440000891685","0.096000000834465","0.119759999215603","0.218209996819496","0.245519995689392","0.33840999007225","0.223529994487762","0.175549998879433","0.16372999548912","0.14036999642849","0.134299993515015","0.146160006523132","0.111869998276234","0.105669997632504","","","","",
"Maldives","MDV","Research and development expenditure (% of GDP)","GB.XPD.RSDV.GD.ZS","","","","","","","","","","","","","","","","","","","","","","","","","","","","","","","","","","","","","","","","","","","","","","","","","","","","","","","","",
"Middle East & North Africa (all income levels)","MEA","Research and development expenditure (% of GDP)","GB.XPD.RSDV.GD.ZS","","","","","","","","","","","","","","","","","","","","","","","","","","","","","","","","","","","","","","","","","","","","","","","","","","","","","","","","",
"Mexico","MEX","Research and development expenditure (% of GDP)","GB.XPD.RSDV.GD.ZS","","","","","","","","","","","","","","","","","","","","","","","","","","","","","","","","","","","","","0.256410002708435","0.284249991178513","0.312970012426376","0.352039992809296","0.313089996576309","0.334450006484985","0.377240002155304","0.38416001200676","0.391889989376068","0.401760011911392","0.372660011053085","0.368360012769699","0.403829991817474","0.430640012025833","0.45592001080513","0.428689986467361","","","","",
"Marshall Islands","MHL","Research and development expenditure (% of GDP)","GB.XPD.RSDV.GD.ZS","","","","","","","","","","","","","","","","","","","","","","","","","","","","","","","","","","","","","","","","","","","","","","","","","","","","","","","","",
"Middle income","MIC","Research and development expenditure (% of GDP)","GB.XPD.RSDV.GD.ZS","","","","","","","","","","","","","","","","","","","","","","","","","","","","","","","","","","","","","","","","","0.635506170790919","0.664051746997386","0.70626249662101","0.751649006542222","0.790486942865156","0.848344215656253","0.891390822928113","0.904413381228286","1.00184769777792","1.10161819242586","1.19454344571487","1.27026388199821","","","","",
"Macedonia, FYR","MKD","Research and development expenditure (% of GDP)","GB.XPD.RSDV.GD.ZS","","","","","","","","","","","","","","","","","","","","","","","","","","","","","","","","","","","","","","0.377730011940002","0.42960000038147","0.345099985599518","0.440589994192123","0.316350013017654","0.25925999879837","0.219060003757477","0.2394700050354","0.238609999418259","0.202680006623268","0.174630001187325","0.225299999117851","0.198650002479553","0.217930004000664","","","","","",
"Mali","MLI","Research and development expenditure (% of GDP)","GB.XPD.RSDV.GD.ZS","","","","","","","","","","","","","","","","","","","","","","","","","","","","","","","","","","","","","","","","","","","","","","","","0.249149993062019","","","0.661419987678528","","","","","",
"Malta","MLT","Research and development expenditure (% of GDP)","GB.XPD.RSDV.GD.ZS","","","","","","","","","","","","","","","","","","","","","","","","","","","","","","","","","","","","","","","","","","","0.2603600025177","0.252669990062714","0.529120028018951","0.565699994564056","0.615920007228851","0.578909993171692","0.559689998626709","0.54475998878479","0.681360006332397","0.720589995384216","0.842410027980804","","","",
"Myanmar","MMR","Research and development expenditure (% of GDP)","GB.XPD.RSDV.GD.ZS","","","","","","","","","","","","","","","","","","","","","","","","","","","","","","","","","","","","","","0.0598499998450279","0.034170001745224","0.0440599992871284","0.113059997558594","0.0714399963617325","0.162159994244576","","","","","","","","","","","","","",
"Middle East & North Africa (developing only)","MNA","Research and development expenditure (% of GDP)","GB.XPD.RSDV.GD.ZS","","","","","","","","","","","","","","","","","","","","","","","","","","","","","","","","","","","","","","","","","","","","","","","","","","","","","","","","",
"Montenegro","MNE","Research and development expenditure (% of GDP)","GB.XPD.RSDV.GD.ZS","","","","","","","","","","","","","","","","","","","","","","","","","","","","","","","","","","","","","","","","","","","","0.79773998260498","1.01872003078461","0.924430012702942","1.24171996116638","1.14891004562378","","","","0.408639997243881","","","","",
"Mongolia","MNG","Research and development expenditure (% of GDP)","GB.XPD.RSDV.GD.ZS","","","","","","","","","","","","","","","","","","","","","","","","","","","","","","","","","","","","","","0.167860001325607","0.166429996490479","0.150159999728203","0.187570005655289","0.2674899995327","0.251729995012283","0.251800000667572","0.267769992351532","0.237760007381439","0.191210001707077","0.238269999623299","0.336670011281967","0.304780006408691","0.283349990844727","0.273919999599457","","","","",
"Northern Mariana Islands","MNP","Research and development expenditure (% of GDP)","GB.XPD.RSDV.GD.ZS","","","","","","","","","","","","","","","","","","","","","","","","","","","","","","","","","","","","","","","","","","","","","","","","","","","","","","","","",
"Mozambique","MOZ","Research and development expenditure (% of GDP)","GB.XPD.RSDV.GD.ZS","","","","","","","","","","","","","","","","","","","","","","","","","","","","","","","","","","","","","","","","","","","0.504209995269775","","","","0.532989978790283","","0.17773999273777","","0.462599992752075","","","","","",
"Mauritania","MRT","Research and development expenditure (% of GDP)","GB.XPD.RSDV.GD.ZS","","","","","","","","","","","","","","","","","","","","","","","","","","","","","","","","","","","","","","","","","","","","","","","","","","","","","","","","",
"Mauritius","MUS","Research and development expenditure (% of GDP)","GB.XPD.RSDV.GD.ZS","","","","","","","","","","","","","","","","","","","","","","","","","","","","","","","","","","","","","","0.278990000486374","0.261779993772507","0.313879996538162","0.289029985666275","0.368730008602142","0.373769998550415","0.338059991598129","0.379319995641708","0.37228998541832","","","","","","","","","","",
"Malawi","MWI","Research and development expenditure (% of GDP)","GB.XPD.RSDV.GD.ZS","","","","","","","","","","","","","","","","","","","","","","","","","","","","","","","","","","","","","","","","","","","","","","","","","","","","","","","","",
"Malaysia","MYS","Research and development expenditure (% of GDP)","GB.XPD.RSDV.GD.ZS","","","","","","","","","","","","","","","","","","","","","","","","","","","","","","","","","","","","","0.21645000576973","","0.397890001535416","","0.46900001168251","","0.652540028095245","","0.599900007247925","","0.6110600233078","","0.788469970226288","1.01001000404358","1.0673999786377","1.06528997421265","","","","",
"North America","NAC","Research and development expenditure (% of GDP)","GB.XPD.RSDV.GD.ZS","","","","","","","","","","","","","","","","","","","","","","","","","","","","","","","","","","","","","2.38500310342653","2.41302325538812","2.44880024735135","2.49178857051665","2.57163584798395","2.60198550501074","2.51648541617206","2.51549104464179","2.45713632802684","2.46762805978172","2.50256993787604","2.56490842727451","2.68510586866004","2.74161467242545","2.65193084280134","2.6608261016408","2.68361131754442","","","",
"Namibia","NAM","Research and development expenditure (% of GDP)","GB.XPD.RSDV.GD.ZS","","","","","","","","","","","","","","","","","","","","","","","","","","","","","","","","","","","","","","","","","","","","","","","","","","","0.144409999251366","","","","","",
"New Caledonia","NCL","Research and development expenditure (% of GDP)","GB.XPD.RSDV.GD.ZS","","","","","","","","","","","","","","","","","","","","","","","","","","","","","","","","","","","","","","","","","","","","","","","","","","","","","","","","",
"Niger","NER","Research and development expenditure (% of GDP)","GB.XPD.RSDV.GD.ZS","","","","","","","","","","","","","","","","","","","","","","","","","","","","","","","","","","","","","","","","","","","","","","","","","","","","","","","","",
"Nigeria","NGA","Research and development expenditure (% of GDP)","GB.XPD.RSDV.GD.ZS","","","","","","","","","","","","","","","","","","","","","","","","","","","","","","","","","","","","","","","","","","","","","","","","0.218960002064705","","","","","","","","",
"Nicaragua","NIC","Research and development expenditure (% of GDP)","GB.XPD.RSDV.GD.ZS","","","","","","","","","","","","","","","","","","","","","","","","","","","","","","","","","","","","","","0.0650999993085861","","","","","0.0349299982190132","","","","","","","","","","","","","",
"Netherlands","NLD","Research and development expenditure (% of GDP)","GB.XPD.RSDV.GD.ZS","","","","","","","","","","","","","","","","","","","","","","","","","","","","","","","","","","","","","1.98410999774933","1.98927998542786","1.89505004882813","1.97984004020691","1.93559002876282","1.93307995796204","1.88021004199982","1.91804003715515","1.92779004573822","1.90336000919342","1.88350999355316","1.80876004695892","1.76657998561859","1.81565999984741","1.8561999797821","2.02672004699707","2.1567599773407","","","",
"High income: nonOECD","NOC","Research and development expenditure (% of GDP)","GB.XPD.RSDV.GD.ZS","","","","","","","","","","","","","","","","","","","","","","","","","","","","","","","","","","","","","","","","","","","","","","","0.793845292044601","0.84732163772303","0.820370893917612","0.892189058497275","","","","","","",
"Norway","NOR","Research and development expenditure (% of GDP)","GB.XPD.RSDV.GD.ZS","","","","","","","","","","","","","","","","","","","","","","","","","","","","","","","","","","","","","","1.62504994869232","","1.63803994655609","","1.59046995639801","1.66024005413055","1.70929002761841","1.5707700252533","1.50591003894806","1.47901999950409","1.59423995018005","1.58313000202179","1.75812995433807","1.68060994148254","1.65190994739532","1.65473997592926","","","",
"Nepal","NPL","Research and development expenditure (% of GDP)","GB.XPD.RSDV.GD.ZS","","","","","","","","","","","","","","","","","","","","","","","","","","","","","","","","","","","","","","","","","","","","","","","","","0.0543899983167648","0.259240001440048","0.302199989557266","","","","","",
"New Zealand","NZL","Research and development expenditure (% of GDP)","GB.XPD.RSDV.GD.ZS","","","","","","","","","","","","","","","","","","","","","","","","","","","","","","","","","","","","","","1.06668996810913","","0.974160015583038","","1.11265003681183","","1.15985000133514","","1.129390001297","","1.17447996139526","","1.28243005275726","","1.27090001106262","","","","",
"High income: OECD","OEC","Research and development expenditure (% of GDP)","GB.XPD.RSDV.GD.ZS","","","","","","","","","","","","","","","","","","","","","","","","","","","","","","","","","","","","","2.21498211761089","2.24279546364744","2.2574346566619","2.32851582296673","2.39469728666836","2.42602858460118","2.36412637811045","2.35145589581011","2.30265360294045","2.32526893790665","2.35499287451463","2.36269111451003","2.4681443683603","2.54282643689908","2.50674698231905","2.54741566419291","2.39829361396247","","","",
"OECD members","OED","Research and development expenditure (% of GDP)","GB.XPD.RSDV.GD.ZS","","","","","","","","","","","","","","","","","","","","","","","","","","","","","","","","","","","","","2.17037755313033","2.19017871901761","2.19622922612618","2.26605555675159","2.32101342261346","2.35380430932756","2.29415313312572","2.28697311880611","2.24019721716611","2.25519255890134","2.28032259091627","2.28660765704631","2.38869147514129","2.47033455999631","2.42876990126908","2.46358415890643","2.39829361396247","","","",
"Oman","OMN","Research and development expenditure (% of GDP)","GB.XPD.RSDV.GD.ZS","","","","","","","","","","","","","","","","","","","","","","","","","","","","","","","","","","","","","","","","","","","","","","","","","","","","0.132489994168282","","","","",
"Other small states","OSS","Research and development expenditure (% of GDP)","GB.XPD.RSDV.GD.ZS","","","","","","","","","","","","","","","","","","","","","","","","","","","","","","","","","","","","","","","","","","","","","","","","","","","","","","","","",
"Pakistan","PAK","Research and development expenditure (% of GDP)","GB.XPD.RSDV.GD.ZS","","","","","","","","","","","","","","","","","","","","","","","","","","","","","","","","","","","","","","0.15565000474453","0.109190002083778","0.115900002419949","0.128279998898506","0.166700005531311","0.21976999938488","","","0.436890006065369","","0.632499992847443","","0.448060005903244","","0.329019993543625","","","","",
"Panama","PAN","Research and development expenditure (% of GDP)","GB.XPD.RSDV.GD.ZS","","","","","","","","","","","","","","","","","","","","","","","","","","","","","","","","","","","","","0.328339993953705","0.316709995269775","0.285059988498688","0.2880499958992","0.383980005979538","0.3819600045681","0.362329989671707","0.339980006217957","0.239789992570877","0.245460003614426","0.249170005321503","0.195519998669624","0.208509996533394","0.206510007381439","0.195189997553825","","","","","",
"Peru","PER","Research and development expenditure (% of GDP)","GB.XPD.RSDV.GD.ZS","","","","","","","","","","","","","","","","","","","","","","","","","","","","","","","","","","","","","","0.0822099968791008","0.0984800010919571","0.0959099978208542","0.109300002455711","0.107040002942085","0.102439999580383","0.103529997169971","0.149250000715256","","","","","","","","","","","",
"Philippines","PHL","Research and development expenditure (% of GDP)","GB.XPD.RSDV.GD.ZS","","","","","","","","","","","","","","","","","","","","","","","","","","","","","","","","","","","","","","","","","","","0.137439996004105","0.129940003156662","","0.111429996788502","","0.10963000357151","","","","","","","","",
"Palau","PLW","Research and development expenditure (% of GDP)","GB.XPD.RSDV.GD.ZS","","","","","","","","","","","","","","","","","","","","","","","","","","","","","","","","","","","","","","","","","","","","","","","","","","","","","","","","",
"Papua New Guinea","PNG","Research and development expenditure (% of GDP)","GB.XPD.RSDV.GD.ZS","","","","","","","","","","","","","","","","","","","","","","","","","","","","","","","","","","","","","","","","","","","","","","","","","","","","","","","","",
"Poland","POL","Research and development expenditure (% of GDP)","GB.XPD.RSDV.GD.ZS","","","","","","","","","","","","","","","","","","","","","","","","","","","","","","","","","","","","","0.653680026531219","0.65217000246048","0.666509985923767","0.689589977264404","0.644309997558594","0.623170018196106","0.559249997138977","0.540610015392303","0.557609975337982","0.566919982433319","0.555909991264343","0.567080020904541","0.604170024394989","0.674589991569519","0.735300004482269","0.764769971370697","0.899720013141632","","","",
"Puerto Rico","PRI","Research and development expenditure (% of GDP)","GB.XPD.RSDV.GD.ZS","","","","","","","","","","","","","","","","","","","","","","","","","","","","","","","","","","","","","","","","","","","","","","","","","","0.489459991455078","","","","","","",
"Korea, Dem. Rep.","PRK","Research and development expenditure (% of GDP)","GB.XPD.RSDV.GD.ZS","","","","","","","","","","","","","","","","","","","","","","","","","","","","","","","","","","","","","","","","","","","","","","","","","","","","","","","","",
"Portugal","PRT","Research and development expenditure (% of GDP)","GB.XPD.RSDV.GD.ZS","","","","","","","","","","","","","","","","","","","","","","","","","","","","","","","","","","","","","0.556190013885498","0.570349991321564","0.630389988422394","0.686619997024536","0.727779984474182","0.77223002910614","0.732039988040924","0.710650026798248","0.743640005588531","0.778580009937286","0.986549973487854","1.16509997844696","1.50310003757477","1.64019000530243","1.59007000923157","1.52293002605438","1.49532997608185","","","",
"Paraguay","PRY","Research and development expenditure (% of GDP)","GB.XPD.RSDV.GD.ZS","","","","","","","","","","","","","","","","","","","","","","","","","","","","","","","","","","","","","","","","","","0.0742700025439262","0.0852499976754189","0.0716300010681152","0.0726599991321564","0.0748699977993965","","","0.0547199994325638","","","0.0548299998044968","","","","",
"Pacific island small states","PSS","Research and development expenditure (% of GDP)","GB.XPD.RSDV.GD.ZS","","","","","","","","","","","","","","","","","","","","","","","","","","","","","","","","","","","","","","","","","","","","","","","","","","","","","","","","",
"French Polynesia","PYF","Research and development expenditure (% of GDP)","GB.XPD.RSDV.GD.ZS","","","","","","","","","","","","","","","","","","","","","","","","","","","","","","","","","","","","","","","","","","","","","","","","","","","","","","","","",
"Qatar","QAT","Research and development expenditure (% of GDP)","GB.XPD.RSDV.GD.ZS","","","","","","","","","","","","","","","","","","","","","","","","","","","","","","","","","","","","","","","","","","","","","","","","","","","","","","","","",
"Romania","ROU","Research and development expenditure (% of GDP)","GB.XPD.RSDV.GD.ZS","","","","","","","","","","","","","","","","","","","","","","","","","","","","","","","","","","","","","0.705429971218109","0.579219996929169","0.490480005741119","0.402359992265701","0.365750014781952","0.389450013637543","0.377840012311935","0.386000007390976","0.385199993848801","0.4096400141716","0.454320013523102","0.523389995098114","0.579110026359558","0.470310002565384","0.460860013961792","0.500590026378632","0.488979995250702","","","",
"Russian Federation","RUS","Research and development expenditure (% of GDP)","GB.XPD.RSDV.GD.ZS","","","","","","","","","","","","","","","","","","","","","","","","","","","","","","","","","","","","","0.965929985046387","1.04374003410339","0.953840017318726","0.996240019798279","1.04983997344971","1.17693996429443","1.24782001972198","1.28603005409241","1.15132999420166","1.06797003746033","1.07293999195099","1.11610996723175","1.04435002803802","1.2519199848175","1.13020002841949","1.09396004676819","1.11802005767822","","","",
"Rwanda","RWA","Research and development expenditure (% of GDP)","GB.XPD.RSDV.GD.ZS","","","","","","","","","","","","","","","","","","","","","","","","","","","","","","","","","","","","","","","","","","","","","","","","","","","","","","","","",
"South Asia","SAS","Research and development expenditure (% of GDP)","GB.XPD.RSDV.GD.ZS","","","","","","","","","","","","","","","","","","","","","","","","","","","","","","","","","","","","","0.613107705949009","0.608095856434928","0.617872018758707","0.640842583306033","0.646349049878869","0.652163269125843","0.653329467760939","0.706889986991882","0.728212130822208","0.76709596628461","0.779193652286142","0.773459080911554","0.810193040280401","0.773843072072242","0.774818603752261","0.756272372490375","","","","",
"Saudi Arabia","SAU","Research and development expenditure (% of GDP)","GB.XPD.RSDV.GD.ZS","","","","","","","","","","","","","","","","","","","","","","","","","","","","","","","","","","","","","","","","","","","","0.0626899972558022","0.0531499981880188","0.0423000007867813","0.0424499996006489","0.0452100001275539","0.0490199998021126","0.0733800008893013","","","","","","",
"Sudan","SDN","Research and development expenditure (% of GDP)","GB.XPD.RSDV.GD.ZS","","","","","","","","","","","","","","","","","","","","","","","","","","","","","","","","","","","","","","","","","","","","","","","","","","","","","","","","",
"Senegal","SEN","Research and development expenditure (% of GDP)","GB.XPD.RSDV.GD.ZS","","","","","","","","","","","","","","","","","","","","","","","","","","","","","","","","","","","","","","","","","","","","","","","","","0.368339985609055","","0.540859997272491","","","","","",
"Singapore","SGP","Research and development expenditure (% of GDP)","GB.XPD.RSDV.GD.ZS","","","","","","","","","","","","","","","","","","","","","","","","","","","","","","","","","","","","","1.33535003662109","1.4274400472641","1.75169003009796","1.8463499546051","1.85105001926422","2.05725002288818","2.09775996208191","2.04844999313354","2.13241004943848","2.19493007659912","2.16488003730774","2.36477994918823","2.64337992668152","2.20015001296997","2.05399990081787","2.22947001457214","2.096519947052","","","",
"Solomon Islands","SLB","Research and development expenditure (% of GDP)","GB.XPD.RSDV.GD.ZS","","","","","","","","","","","","","","","","","","","","","","","","","","","","","","","","","","","","","","","","","","","","","","","","","","","","","","","","",
"Sierra Leone","SLE","Research and development expenditure (% of GDP)","GB.XPD.RSDV.GD.ZS","","","","","","","","","","","","","","","","","","","","","","","","","","","","","","","","","","","","","","","","","","","","","","","","","","","","","","","","",
"El Salvador","SLV","Research and development expenditure (% of GDP)","GB.XPD.RSDV.GD.ZS","","","","","","","","","","","","","","","","","","","","","","","","","","","","","","","","","","","","","","","0.0803100019693375","","","","","","","","","0.0893500000238419","0.112450003623962","0.0774400010704994","0.0672300010919571","0.0311200004070997","","","","",
"San Marino","SMR","Research and development expenditure (% of GDP)","GB.XPD.RSDV.GD.ZS","","","","","","","","","","","","","","","","","","","","","","","","","","","","","","","","","","","","","","","","","","","","","","","","","","","","","","","","",
"Somalia","SOM","Research and development expenditure (% of GDP)","GB.XPD.RSDV.GD.ZS","","","","","","","","","","","","","","","","","","","","","","","","","","","","","","","","","","","","","","","","","","","","","","","","","","","","","","","","",
"Serbia","SRB","Research and development expenditure (% of GDP)","GB.XPD.RSDV.GD.ZS","","","","","","","","","","","","","","","","","","","","","","","","","","","","","","","","","","","","","","0.851620018482208","0.904209971427917","1.04111003875732","0.965610027313232","0.345910012722015","0.725170016288757","0.565060019493103","0.320039987564087","0.433660000562668","0.488929986953735","0.362390011548996","0.384810000658035","0.917069971561432","0.792129993438721","0.777440011501312","0.986800014972687","","","",
"Sub-Saharan Africa (developing only)","SSA","Research and development expenditure (% of GDP)","GB.XPD.RSDV.GD.ZS","","","","","","","","","","","","","","","","","","","","","","","","","","","","","","","","","","","","","","","","","","","","","","","","0.57807166663129","","","","","","","","",
"South Sudan","SSD","Research and development expenditure (% of GDP)","GB.XPD.RSDV.GD.ZS","","","","","","","","","","","","","","","","","","","","","","","","","","","","","","","","","","","","","","","","","","","","","","","","","","","","","","","","",
"Sub-Saharan Africa (all income levels)","SSF","Research and development expenditure (% of GDP)","GB.XPD.RSDV.GD.ZS","","","","","","","","","","","","","","","","","","","","","","","","","","","","","","","","","","","","","","","","","","","","","","","","0.57807166663129","","","","","","","","",
"Small states","SST","Research and development expenditure (% of GDP)","GB.XPD.RSDV.GD.ZS","","","","","","","","","","","","","","","","","","","","","","","","","","","","","","","","","","","","","","","","","","","","","","","","","","","","","","","","",
"Sao Tome and Principe","STP","Research and development expenditure (% of GDP)","GB.XPD.RSDV.GD.ZS","","","","","","","","","","","","","","","","","","","","","","","","","","","","","","","","","","","","","","","","","","","","","","","","","","","","","","","","",
"Suriname","SUR","Research and development expenditure (% of GDP)","GB.XPD.RSDV.GD.ZS","","","","","","","","","","","","","","","","","","","","","","","","","","","","","","","","","","","","","","","","","","","","","","","","","","","","","","","","",
"Slovak Republic","SVK","Research and development expenditure (% of GDP)","GB.XPD.RSDV.GD.ZS","","","","","","","","","","","","","","","","","","","","","","","","","","","","","","","","","","","","","0.910510003566742","1.07701003551483","0.780510008335114","0.655629992485046","0.647970020771027","0.633580029010773","0.571139991283417","0.573450028896332","0.511929988861084","0.50502997636795","0.486620008945465","0.459939986467361","0.473439991474152","0.4825100004673","0.633319973945618","0.679149985313416","0.823149979114532","","","",
"Slovenia","SVN","Research and development expenditure (% of GDP)","GB.XPD.RSDV.GD.ZS","","","","","","","","","","","","","","","","","","","","","","","","","","","","","","","","","","","","","1.28598999977112","1.26741003990173","1.32898998260498","1.36091995239258","1.38086998462677","1.49472999572754","1.46527004241943","1.26862001419067","1.39364004135132","1.43709003925323","1.558109998703","1.44814002513885","1.6549299955368","1.86029994487762","2.10624003410339","2.47361993789673","2.79952001571655","","","",
"Sweden","SWE","Research and development expenditure (% of GDP)","GB.XPD.RSDV.GD.ZS","","","","","","","","","","","","","","","","","","","","","","","","","","","","","","","","","","","","","","3.46749997138977","","3.58067011833191","","4.13000011444092","","3.80267000198364","3.57506990432739","3.55913996696472","3.68410992622375","3.43478989601135","3.6951699256897","3.61669993400574","3.39194011688232","3.38708996772766","3.40621995925903","","","",
"Swaziland","SWZ","Research and development expenditure (% of GDP)","GB.XPD.RSDV.GD.ZS","","","","","","","","","","","","","","","","","","","","","","","","","","","","","","","","","","","","","","","","","","","","","","","","","","","","","","","","",
"Sint Maarten (Dutch part)","SXM","Research and development expenditure (% of GDP)","GB.XPD.RSDV.GD.ZS","","","","","","","","","","","","","","","","","","","","","","","","","","","","","","","","","","","","","","","","","","","","","","","","","","","","","","","","",
"Seychelles","SYC","Research and development expenditure (% of GDP)","GB.XPD.RSDV.GD.ZS","","","","","","","","","","","","","","","","","","","","","","","","","","","","","","","","","","","","","","","","","","0.427879989147186","0.406740009784698","0.413349986076355","0.346579998731613","0.302089989185333","","","","","","","","","","",
"Syrian Arab Republic","SYR","Research and development expenditure (% of GDP)","GB.XPD.RSDV.GD.ZS","","","","","","","","","","","","","","","","","","","","","","","","","","","","","","","","","","","","","","","","","","","","","","","","","","","","","","","","",
"Turks and Caicos Islands","TCA","Research and development expenditure (% of GDP)","GB.XPD.RSDV.GD.ZS","","","","","","","","","","","","","","","","","","","","","","","","","","","","","","","","","","","","","","","","","","","","","","","","","","","","","","","","",
"Chad","TCD","Research and development expenditure (% of GDP)","GB.XPD.RSDV.GD.ZS","","","","","","","","","","","","","","","","","","","","","","","","","","","","","","","","","","","","","","","","","","","","","","","","","","","","","","","","",
"Togo","TGO","Research and development expenditure (% of GDP)","GB.XPD.RSDV.GD.ZS","","","","","","","","","","","","","","","","","","","","","","","","","","","","","","","","","","","","","","","","","","","","","","","","","","","0.253490000963211","","","","","",
"Thailand","THA","Research and development expenditure (% of GDP)","GB.XPD.RSDV.GD.ZS","","","","","","","","","","","","","","","","","","","","","","","","","","","","","","","","","","","","","0.119889996945858","0.101659998297691","","0.25654000043869","0.252020001411438","0.262699991464615","0.244039997458458","0.261920005083084","0.25534999370575","0.234980002045631","0.249190002679825","0.213780000805855","","0.250559985637665","","","","","","",
"Tajikistan","TJK","Research and development expenditure (% of GDP)","GB.XPD.RSDV.GD.ZS","","","","","","","","","","","","","","","","","","","","","","","","","","","","","","","","","","","","","","","","","","0.0895299986004829","0.0706799998879433","0.0688999965786934","0.0669699981808662","0.0957000032067299","0.107320003211498","0.067780002951622","0.0698300004005432","0.0857700034976006","0.089139997959137","0.121480002999306","","","","",
"Turkmenistan","TKM","Research and development expenditure (% of GDP)","GB.XPD.RSDV.GD.ZS","","","","","","","","","","","","","","","","","","","","","","","","","","","","","","","","","","","","","","","","","","","","","","","","","","","","","","","","",
"Timor-Leste","TLS","Research and development expenditure (% of GDP)","GB.XPD.RSDV.GD.ZS","","","","","","","","","","","","","","","","","","","","","","","","","","","","","","","","","","","","","","","","","","","","","","","","","","","","","","","","",
"Tonga","TON","Research and development expenditure (% of GDP)","GB.XPD.RSDV.GD.ZS","","","","","","","","","","","","","","","","","","","","","","","","","","","","","","","","","","","","","","","","","","","","","","","","","","","","","","","","",
"Trinidad and Tobago","TTO","Research and development expenditure (% of GDP)","GB.XPD.RSDV.GD.ZS","","","","","","","","","","","","","","","","","","","","","","","","","","","","","","","","","","","","","0.103249996900558","0.115529999136925","0.127149999141693","0.122919999063015","0.126139998435974","0.117619998753071","0.129329994320869","0.113250002264977","0.114959999918938","0.0939600020647049","0.0552599988877773","0.045889999717474","0.0307199992239475","0.0566500015556812","0.0513699986040592","0.0434800013899803","","","","",
"Tunisia","TUN","Research and development expenditure (% of GDP)","GB.XPD.RSDV.GD.ZS","","","","","","","","","","","","","","","","","","","","","","","","","","","","","","","","","","","","","0.304729998111725","0.387479990720749","0.39028999209404","0.397560000419617","0.414499998092651","0.481940001249313","0.571410000324249","0.661520004272461","0.901170015335083","0.917100012302399","0.955060005187988","1.00471997261047","1.03410005569458","1.10218000411987","","","","","","",
"Turkey","TUR","Research and development expenditure (% of GDP)","GB.XPD.RSDV.GD.ZS","","","","","","","","","","","","","","","","","","","","","","","","","","","","","","","","","","","","","0.451590001583099","0.491690009832382","0.370950013399124","0.467669993638992","0.479090005159378","0.53779000043869","0.525940001010895","0.483110010623932","0.518310010433197","0.591040015220642","0.580160021781921","0.722410023212433","0.725179970264435","0.849020004272461","0.843429982662201","0.859520018100739","","","","",
"Tuvalu","TUV","Research and development expenditure (% of GDP)","GB.XPD.RSDV.GD.ZS","","","","","","","","","","","","","","","","","","","","","","","","","","","","","","","","","","","","","","","","","","","","","","","","","","","","","","","","",
"Taiwan, China","TWN","Research and development expenditure (% of GDP)","GB.XPD.RSDV.GD.ZS","","","","","","","","","","","","","","","","","","","","","","","","","","","","","","","","","","","","","","","","","","","","","","","","","","","","","","","","",
"Tanzania","TZA","Research and development expenditure (% of GDP)","GB.XPD.RSDV.GD.ZS","","","","","","","","","","","","","","","","","","","","","","","","","","","","","","","","","","","","","","","","","","","","","","","","0.434419989585876","","","0.516160011291504","","","","","",
"Uganda","UGA","Research and development expenditure (% of GDP)","GB.XPD.RSDV.GD.ZS","","","","","","","","","","","","","","","","","","","","","","","","","","","","","","","","","","","","","","","","","","","0.367559999227524","0.25611999630928","0.260560005903244","0.215139999985695","0.300330013036728","0.388209998607636","0.326319992542267","0.411579996347427","0.557940006256104","","","","","",
"Ukraine","UKR","Research and development expenditure (% of GDP)","GB.XPD.RSDV.GD.ZS","","","","","","","","","","","","","","","","","","","","","","","","","","","","","","","","","","","","","","1.19229996204376","1.06992995738983","0.96968001127243","0.962130010128021","1.02329003810883","0.998199999332428","1.11178994178772","1.08151996135712","1.16895997524261","0.949079990386963","0.853190004825592","0.846440017223358","0.856440007686615","0.830980002880096","0.736620008945465","","","","",
"Upper middle income","UMC","Research and development expenditure (% of GDP)","GB.XPD.RSDV.GD.ZS","","","","","","","","","","","","","","","","","","","","","","","","","","","","","","","","","","","","","","","","","0.674612357215826","0.693103744266881","0.736321175158482","0.771346767592009","0.80816526152853","0.886466264973064","0.923758261599308","0.977849483325047","1.04857793455936","1.23504127910406","1.29123900756408","1.37766883779481","","","","",
"Uruguay","URY","Research and development expenditure (% of GDP)","GB.XPD.RSDV.GD.ZS","","","","","","","","","","","","","","","","","","","","","","","","","","","","","","","","","","","","","0.265009999275208","0.349940001964569","0.191860005259514","0.224169999361038","0.209250003099442","","0.238179996609688","","","","0.359189987182617","0.399479985237122","0.362650007009506","0.442669987678528","0.4096400141716","0.430510014295578","","","","",
"United States","USA","Research and development expenditure (% of GDP)","GB.XPD.RSDV.GD.ZS","","","","","","","","","","","","","","","","","","","","","","","","","","","","","","","","","","","","","2.44181990623474","2.47092008590698","2.49676990509033","2.54041004180908","2.61925005912781","2.63745999336243","2.54905009269714","2.55253005027771","2.48953008651733","2.50567007064819","2.54964995384216","2.62644004821777","2.76651000976563","2.81593990325928","2.73827004432678","2.76263999938965","2.79197001457214","","","",
"Uzbekistan","UZB","Research and development expenditure (% of GDP)","GB.XPD.RSDV.GD.ZS","","","","","","","","","","","","","","","","","","","","","","","","","","","","","","","","","","","","","","","","","","","","","","","","","","","","","","","","",
"St. Vincent and the Grenadines","VCT","Research and development expenditure (% of GDP)","GB.XPD.RSDV.GD.ZS","","","","","","","","","","","","","","","","","","","","","","","","","","","","","","","","","","","","","","","","","","0.0429599992930889","0.120080001652241","","","","","","","","","","","","","",
"Venezuela, RB","VEN","Research and development expenditure (% of GDP)","GB.XPD.RSDV.GD.ZS","","","","","","","","","","","","","","","","","","","","","","","","","","","","","","","","","","","","","","","","","","","","","","","","","","","","","","","","",
"Virgin Islands (U.S.)","VIR","Research and development expenditure (% of GDP)","GB.XPD.RSDV.GD.ZS","","","","","","","","","","","","","","","","","","","","","","","","","","","","","","","","","","","","","","","","","","","","","","","","","","","","","","","","",
"Vietnam","VNM","Research and development expenditure (% of GDP)","GB.XPD.RSDV.GD.ZS","","","","","","","","","","","","","","","","","","","","","","","","","","","","","","","","","","","","","","","","","","","0.178080007433891","","","","","","","","","","","","","",
"Vanuatu","VUT","Research and development expenditure (% of GDP)","GB.XPD.RSDV.GD.ZS","","","","","","","","","","","","","","","","","","","","","","","","","","","","","","","","","","","","","","","","","","","","","","","","","","","","","","","","",
"West Bank and Gaza","PSE","Research and development expenditure (% of GDP)","GB.XPD.RSDV.GD.ZS","","","","","","","","","","","","","","","","","","","","","","","","","","","","","","","","","","","","","","","","","","","","","","","","","","","","","","","","",
"World","WLD","Research and development expenditure (% of GDP)","GB.XPD.RSDV.GD.ZS","","","","","","","","","","","","","","","","","","","","","","","","","","","","","","","","","","","","","2.01298660107763","2.00839130041523","2.02302884598713","2.10043047183335","2.09951003934682","2.1224533998487","2.08529042913669","2.07510426075504","2.02656918480477","2.01658277931596","2.02483261606356","1.9955827517871","2.06776708583652","2.12143242893348","2.11271011661145","2.12809431487301","","","","",
"Samoa","WSM","Research and development expenditure (% of GDP)","GB.XPD.RSDV.GD.ZS","","","","","","","","","","","","","","","","","","","","","","","","","","","","","","","","","","","","","","","","","","","","","","","","","","","","","","","","",
"Yemen, Rep.","YEM","Research and development expenditure (% of GDP)","GB.XPD.RSDV.GD.ZS","","","","","","","","","","","","","","","","","","","","","","","","","","","","","","","","","","","","","","","","","","","","","","","","","","","","","","","","",
"South Africa","ZAF","Research and development expenditure (% of GDP)","GB.XPD.RSDV.GD.ZS","","","","","","","","","","","","","","","","","","","","","","","","","","","","","","","","","","","","","","0.598339974880219","","","","0.734120011329651","","0.792320013046265","0.848599970340729","0.900600016117096","0.934729993343353","0.9237300157547","0.93247002363205","0.870790004730225","0.761600017547607","","","","","",
"Congo, Dem. Rep.","COD","Research and development expenditure (% of GDP)","GB.XPD.RSDV.GD.ZS","","","","","","","","","","","","","","","","","","","","","","","","","","","","","","","","","","","","","","","","","","","","","0.423480004072189","0.0964699983596802","0.0989999994635582","0.227459996938705","0.139880001544952","0.130189999938011","","","","","","",
"Zambia","ZMB","Research and development expenditure (% of GDP)","GB.XPD.RSDV.GD.ZS","","","","","","","","","","","","","","","","","","","","","","","","","","","","","","","","","","","","","0.0121400002390146","0.00810999982059002","","","","","0.00614000018686056","0.00956999976187944","0.0254200007766485","0.0289399996399879","","","0.340330004692078","","","","","","","",
"Zimbabwe","ZWE","Research and development expenditure (% of GDP)","GB.XPD.RSDV.GD.ZS","","","","","","","","","","","","","","","","","","","","","","","","","","","","","","","","","","","","","","","","","","","","","","","","","","","","","","","","",
